{"cameraMode":{"drawMode":0,"name":"Shaded","section":"Shading Mode"},"sceneLighting":false,"audioPlay":false,"sceneViewState":{"showFog":true,"showMaterialUpdate":false,"showSkybox":false,"showFlares":true,"showImageEffects":true,"showParticleSystems":true,"showVisualEffectGraphs":true,"m_FxEnabled":true},"in2DMode":false,"pivot":{"x":-0.1532273292541504,"y":0.04117560386657715,"z":-0.08512985706329346},"rotation":{"x":0.16870716214179994,"y":-0.7294389009475708,"z":0.1945287585258484,"w":0.6339364647865295},"size":3.950641393661499,"orthographic":false}