{"cameraMode":{"drawMode":0,"name":"Shaded","section":"Shading Mode"},"sceneLighting":false,"audioPlay":false,"sceneViewState":{"showFog":true,"showMaterialUpdate":false,"showSkybox":false,"showFlares":true,"showImageEffects":true,"showParticleSystems":true,"showVisualEffectGraphs":true,"m_FxEnabled":true},"in2DMode":false,"pivot":{"x":0.060299914330244067,"y":-0.14081890881061555,"z":-2.027782678604126},"rotation":{"x":0.12550689280033112,"y":-0.8286921977996826,"z":0.20634272694587708,"w":0.505174994468689},"size":5.727285861968994,"orthographic":false}